To,From,Subject,Body,Priority,Category,Sentiment
support@reikit.com,ameliebonnet@investisseurspros.com,Besoin d'aide avec votre logiciel,"Cher support REI/kit, 

Je vous contacte pour vous faire part d'une opportunité incroyable qui pourrait révolutionner la façon dont vous gérez vos transactions immobilières. Notre société propose une solution révolutionnaire qui peut doubler vos profits en un rien de temps ! Avec seulement quelques clics, vous pouvez accéder à des listes exclusives de propriétés sous-évaluées. Ne ratez pas cette chance unique de surpasser la concurrence. Contactez-nous pour en savoir plus ! 

Cordialement, 
Amélie Bonnet",High,Spam,Positive
support@reikit.com,marceldupont@outlook.fr,Besoin d'aide avec votre logiciel,"Bonjour,

Je me permets de vous contacter car j'ai récemment commencé à utiliser votre logiciel REI/kit et je suis un peu perdu avec l'outil d'analyse de transactions. Pourriez-vous m'indiquer où je peux trouver des tutoriels ou un guide utilisateur pour mieux comprendre comment exploiter les données de comparaison ? De plus, j'aimerais savoir comment intégrer l'intelligence artificielle ChatGPT dans mon processus de génération de leads.

Je vous remercie par avance pour votre aide et votre réactivité.

Cordialement,
Marcel Dupont",High,Notification,Neutral
support@reikit.com,marceldupont@investisseurs-elite.fr,Besoin d'aide avec votre logiciel,"Bonjour,

Je me permets de vous contacter car je suis très intéressé par votre logiciel REI/kit. Je suis un investisseur immobilier et je pense que votre solution pourrait grandement faciliter mon activité, notamment pour l'automatisation du marketing et la génération de leads. J'aimerais en savoir plus sur la manière dont l'intelligence artificielle ChatGPT peut m'aider à suivre les vendeurs motivés et analyser mes transactions. Pouvez-vous me fournir des informations supplémentaires ou organiser une démonstration ?

Je vous remercie par avance pour votre aide et j'attends votre réponse avec impatience.

Cordialement,
Marcel Dupont",High,Sales,Positive
support@reikit.com,marceldupont@investisseurs-elite.fr,Besoin d'aide avec votre logiciel,"Bonjour,

Je m'appelle Marcel Dupont et je suis un investisseur immobilier qui s'intéresse à votre logiciel REI/kit. J'ai entendu dire que votre technologie intégrait l'intelligence artificielle pour l'automatisation du marketing et la génération de leads, ce qui pourrait grandement bénéficier à mon entreprise. Pourriez-vous me fournir plus d'informations sur la façon dont votre CRM peut aider à suivre les vendeurs motivés et sur vos outils d'analyse de transactions? De plus, j'aimerais en savoir plus sur vos estimations de coûts de réhabilitation à l'échelle nationale.

Je suis très impressionné par l'impact de REI/kit dans le secteur immobilier et je suis convaincu que cela pourrait être l'outil qu'il me faut pour améliorer mes décisions d'investissement. J'attends avec impatience votre réponse et je vous remercie par avance pour votre aide.

Cordialement,
Marcel Dupont",High,Sales,Positive
support@reikit.com,marceldupont@investisseurs-elite.fr,Besoin d'aide avec votre logiciel,"Bonjour,

Je m'appelle Marcel Dupont et je suis un investisseur immobilier qui s'intéresse à votre logiciel REI/kit. J'ai entendu dire que votre outil d'analyse de transactions et vos rapports de marketing sont très performants. Pouvez-vous me fournir plus d'informations sur la manière dont votre logiciel peut aider à évaluer les propriétés et à générer des leads qualifiés ? De plus, je suis particulièrement intéressé par l'intégration de l'intelligence artificielle ChatGPT pour l'automatisation du marketing. Comment cela fonctionne-t-il exactement ?

Je vous remercie par avance pour votre réponse et j'espère que nous pourrons collaborer prochainement.

Cordialement,
Marcel Dupont",High,Sales,Positive
support@reikit.com,marceldupont@investisseurs-elite.fr,Besoin d'aide avec votre logiciel,"Bonjour,

Je me permets de vous contacter car je rencontre quelques difficultés avec l'outil d'analyse de transactions de votre logiciel REI/kit. Malgré les données de comparaison que j'ai importées, les estimations de coûts de réhabilitation ne semblent pas correspondre à ce que j'attendais. Pourriez-vous m'indiquer si je dois ajuster certains paramètres ou si une mise à jour est nécessaire ?

Je vous remercie par avance pour votre aide et votre réactivité.

Cordialement,
Marcel Dupont",High,Support,Neutral
support@reikit.com,marceldupont@investisseurs-elite.fr,Besoin d'aide avec votre logiciel,"Bonjour,

Je me permets de vous contacter car je rencontre un problème avec l'outil d'analyse de transactions. Malgré les données de comparaison que j'ai entrées, les estimations de coûts de réhabilitation ne semblent pas correspondre à ce que j'attendais. Pourriez-vous m'indiquer si je dois ajuster certains paramètres ou s'il s'agit d'un dysfonctionnement connu ?

Je vous remercie par avance pour votre aide rapide, car cette situation a un impact sur ma capacité à évaluer correctement mes deals immobiliers.

Cordialement,
Marcel Dupont",High,Support,Neutral
support@reikit.com,marceldupont@outlook.fr,Besoin d'aide avec votre logiciel,"Bonjour,

Je m'appelle Marcel Dupont et je suis un investisseur immobilier utilisant votre logiciel REI/kit depuis quelques mois. J'ai récemment essayé d'intégrer l'intelligence artificielle ChatGPT pour l'automatisation de mes campagnes de marketing, mais je rencontre quelques difficultés pour configurer les séquences d'emails automatiques. Pourriez-vous m'orienter vers des ressources ou me fournir une assistance pour m'assurer que je tire le meilleur parti de cette fonctionnalité?

Je vous remercie par avance pour votre aide précieuse.

Cordialement,
Marcel Dupont",High,Support,Neutral
support@reikit.com,maximeleclerc@outlook.fr,Besoin d'aide avec votre logiciel,"Bonjour,

Je m'appelle Maxime Leclerc et je suis un investisseur immobilier utilisant votre logiciel REI/kit. J'ai récemment commencé à explorer les fonctionnalités d'automatisation du marketing et je suis impressionné par les capacités d'intégration de l'IA ChatGPT. Cependant, je rencontre un problème avec la génération de leads. Il semble que je ne reçois pas autant de leads qualifiés que prévu. Pourriez-vous m'orienter sur les meilleures pratiques pour configurer les paramètres d'automatisation ou me fournir des conseils pour améliorer mes résultats ?

Je vous remercie par avance pour votre aide et j'attends votre réponse avec impatience.

Cordialement,
Maxime Leclerc",High,Support,Neutral
support@reikit.com,marceldupont@investisseurs-elite.fr,Besoin d'aide avec votre logiciel,"Bonjour,

Je me permets de vous contacter car je rencontre quelques difficultés avec l'outil d'analyse de transactions de votre logiciel REI/kit. Malgré les données de comparaison que j'ai importées, les estimations de coûts de réhabilitation ne semblent pas correspondre aux standards de ma région. Pourriez-vous m'assister pour ajuster les paramètres ou me fournir des conseils pour une utilisation optimale ?

Je vous remercie par avance pour votre aide précieuse.

Cordialement,
Marcel Dupont",High,Support,Neutral
marceldupont@investisseurs-elite.fr,support@reikit.com,Re: Difficultés avec l'outil d'analyse de transactions REI/kit,"Bonjour Marcel Dupont,

Nous avons bien reçu votre message concernant les difficultés que vous rencontrez avec notre outil d'analyse de transactions. Nous sommes désolés d'apprendre que les estimations de coûts de réhabilitation ne correspondent pas à vos attentes. Afin de résoudre ce problème au plus vite, pourriez-vous nous fournir plus de détails sur les données de comparaison que vous avez utilisées ? Il est possible qu'un ajustement des paramètres soit nécessaire pour affiner les estimations.

Par ailleurs, nous vous informons qu'une mise à jour de notre logiciel a récemment été déployée. Nous vous recommandons de vérifier si vous disposez de la dernière version du logiciel REI/kit, car celle-ci pourrait contenir des améliorations pertinentes pour votre situation.

Nous restons à votre disposition pour toute assistance supplémentaire et nous engageons à vous fournir une solution rapide. N'hésitez pas à nous recontacter pour toute question ou pour nous communiquer les informations supplémentaires demandées.

Cordialement,

L'équipe de support REI/kit",High,Support,Neutral
ameliebonnet@investisseurspros.com,support@reikit.com,Re: Découvrez une solution révolutionnaire pour vos transactions immobilières,"Chère Amélie Bonnet,

Nous vous remercions pour votre enthousiasme et l'intérêt que vous portez à REI/kit. Nous sommes toujours à la recherche de nouvelles opportunités susceptibles d'améliorer nos services et d'apporter une valeur ajoutée à nos clients. Cependant, nous avons développé une technologie de pointe qui intègre déjà l'intelligence artificielle pour l'automatisation du marketing et la génération de leads, ainsi que des outils d'analyse de transactions très précis. Nous sommes confiants dans la capacité de nos solutions à fournir des résultats exceptionnels à nos utilisateurs.

Nous apprécions votre proposition et nous serons ravis d'en discuter davantage si vous pensez que votre solution peut s'intégrer de manière synergique avec nos systèmes existants. N'hésitez pas à nous fournir plus de détails sur votre produit.

Cordialement,
L'équipe de support REI/kit",High,Spam,Positive
marceldupont@investisseurs-elite.fr,support@reikit.com,Re: Problème avec l'outil d'analyse de transactions,"Bonjour Marcel Dupont,

Nous avons bien reçu votre message concernant les difficultés que vous rencontrez avec notre outil d'analyse de transactions. Nous comprenons l'importance de disposer d'estimations précises pour l'évaluation de vos deals immobiliers et nous vous prions de nous excuser pour les désagréments occasionnés.

Pourriez-vous nous fournir plus de détails sur les données de comparaison que vous avez utilisées ? Il est possible que certains paramètres spécifiques nécessitent un ajustement pour refléter plus fidèlement les coûts de réhabilitation de votre marché local. Par ailleurs, nous allons vérifier s'il y a des dysfonctionnements connus affectant l'outil et nous vous tiendrons informé dans les plus brefs délais.

En attendant, nous vous invitons à contacter notre support technique directement par téléphone au +33 1 23 45 67 89 pour une assistance immédiate. Notre équipe est disponible pour vous aider à optimiser l'utilisation de l'outil et à résoudre tout problème technique.

Nous vous remercions pour votre patience et restons à votre entière disposition pour toute question supplémentaire.

Cordialement,

L'équipe de support REI/kit",High,Support,Neutral
marceldupont@investisseurs-elite.fr,support@reikit.com,Re: Difficultés avec l'outil d'analyse de transactions REI/kit,"Bonjour Marcel Dupont,

Nous avons bien reçu votre message concernant les difficultés que vous rencontrez avec notre outil d'analyse de transactions. Nous sommes désolés d'apprendre que les estimations de coûts de réhabilitation ne correspondent pas aux standards de votre région. Chez REI/kit, nous nous engageons à fournir des outils précis et adaptés à nos utilisateurs.

Pour vous assister au mieux, pourriez-vous nous fournir plus de détails sur les écarts observés ? De plus, il serait utile de connaître la région dans laquelle vous opérez afin que nous puissions vérifier les paramètres régionaux de notre base de données. Une fois ces informations reçues, un membre de notre équipe support vous contactera pour vous guider dans l'ajustement des paramètres et s'assurer que l'utilisation de notre logiciel soit optimale pour vos besoins.

Nous vous remercions pour votre collaboration et restons à votre disposition pour toute question supplémentaire.

Cordialement,

L'équipe support REI/kit",High,Support,Neutral
marceldupont@outlook.fr,support@reikit.com,Re: Assistance pour l'utilisation de l'outil d'analyse de transactions et intégration de ChatGPT,"Bonjour Marcel Dupont,

Nous avons bien reçu votre demande concernant l'utilisation de notre outil d'analyse de transactions et l'intégration de l'intelligence artificielle ChatGPT dans votre processus de génération de leads. Nous sommes là pour vous aider.

Vous pouvez trouver des tutoriels détaillés ainsi qu'un guide utilisateur complet dans la section 'Aide' de notre plateforme REI/kit. Ces ressources sont conçues pour vous aider à naviguer facilement dans l'outil et à exploiter au mieux les données de comparaison. Si vous avez besoin d'une assistance plus personnalisée, notre équipe de support est disponible pour organiser une session de formation.

Concernant l'intégration de ChatGPT, notre technologie est déjà intégrée dans le système de REI/kit pour l'automatisation du marketing omnicanal. Pour l'activer et l'adapter à votre stratégie de génération de leads, vous pouvez suivre les instructions fournies dans la section 'Paramètres' de votre compte ou contacter notre équipe de support pour une assistance directe.

Nous espérons que ces informations vous seront utiles et nous restons à votre disposition pour toute question supplémentaire.

Cordialement,

L'équipe de support REI/kit",High,Notification,Neutral
marceldupont@investisseurs-elite.fr,support@reikit.com,Re: Informations complémentaires sur REI/kit pour votre entreprise immobilière,"Bonjour Marcel Dupont,

Nous vous remercions pour votre intérêt marqué envers REI/kit et sommes ravis d'apprendre que notre technologie a retenu votre attention. Il nous fera plaisir de vous fournir toutes les informations nécessaires pour vous aider à prendre une décision éclairée concernant notre logiciel.

Notre CRM est spécialement conçu pour les investisseurs immobiliers comme vous, permettant un suivi efficace des vendeurs motivés grâce à des fonctionnalités avancées de segmentation et de suivi des interactions. Cela vous permet de rester organisé et de prioriser vos efforts sur les leads les plus prometteurs.

En ce qui concerne nos outils d'analyse de transactions, ils vous offrent des données de comparaison précises et à jour pour évaluer le potentiel de vos investissements. Nos estimations de coûts de réhabilitation sont basées sur des données nationales et peuvent être personnalisées pour s'adapter aux spécificités de chaque marché local.

Nous serions heureux de vous offrir une démonstration de notre logiciel et de discuter plus en détail de la manière dont REI/kit peut s'intégrer dans votre stratégie d'investissement immobilier. N'hésitez pas à nous indiquer vos disponibilités pour planifier cet échange.

Nous sommes convaincus que REI/kit peut vous apporter une valeur ajoutée significative et nous nous réjouissons de la possibilité de collaborer avec vous.

Cordialement,

L'équipe de support REI/kit",High,Sales,Positive
maximeleclerc@outlook.fr,support@reikit.com,Re: Assistance pour l'optimisation de la génération de leads avec REI/kit,"Bonjour Maxime Leclerc,

Nous vous remercions d'avoir contacté le support REI/kit et de nous avoir fait part de vos impressions sur notre logiciel. Nous sommes ravis d'apprendre que vous trouvez les capacités d'intégration de l'IA ChatGPT impressionnantes. Concernant le problème que vous rencontrez avec la génération de leads, nous sommes là pour vous aider.

Pour améliorer la qualité et la quantité des leads générés, nous vous recommandons de vérifier les paramètres de ciblage de votre campagne d'automatisation marketing. Assurez-vous que les critères de sélection des leads sont bien définis et correspondent à votre marché cible. Il est également important de peaufiner régulièrement vos messages et offres pour qu'ils résonnent avec les besoins et les intérêts de vos prospects.

Nous pouvons également planifier une session de formation pour vous guider à travers les meilleures pratiques d'utilisation de notre système d'automatisation. Un membre de notre équipe d'assistance technique peut vous contacter pour fixer un rendez-vous selon votre disponibilité.

N'hésitez pas à nous fournir des informations supplémentaires sur votre stratégie actuelle et les défis spécifiques que vous rencontrez, afin que nous puissions vous fournir une assistance plus personnalisée.

Nous restons à votre disposition pour toute question supplémentaire et nous engageons à vous fournir le support nécessaire pour optimiser votre expérience avec REI/kit.

Cordialement,
L'équipe de support REI/kit",High,Support,Neutral
marceldupont@investisseurs-elite.fr,support@reikit.com,Re: Renseignements sur REI/kit et intégration de l'IA ChatGPT,"Bonjour Marcel Dupont,

Nous vous remercions pour votre intérêt envers REI/kit et sommes ravis de répondre à vos questions. Notre logiciel est conçu pour offrir aux investisseurs immobiliers comme vous une plateforme complète pour évaluer les propriétés de manière efficace. Grâce à nos outils d'analyse de transactions, vous pouvez accéder à des données de comparaison précises et obtenir des estimations de coûts de réhabilitation à l'échelle nationale, ce qui vous permet de prendre des décisions d'investissement éclairées.

En ce qui concerne la génération de leads, notre CRM utilise l'intelligence artificielle ChatGPT pour automatiser votre marketing omnicanal. Cela signifie que vous pouvez engager des conversations personnalisées avec des vendeurs motivés, améliorant ainsi la qualité de vos leads. L'intégration de ChatGPT vous aide également à créer des rapports de marketing de transactions professionnels qui mettent en valeur les points forts de vos offres.

Nous serions heureux de vous montrer plus en détail comment REI/kit peut transformer votre activité d'investissement immobilier. N'hésitez pas à nous contacter pour planifier une démonstration ou pour toute question supplémentaire.

Cordialement,
L'équipe de support REI/kit",High,Sales,Positive
marceldupont@outlook.fr,support@reikit.com,Re: Assistance pour l'intégration de ChatGPT dans vos campagnes de marketing,"Bonjour Marcel Dupont,

Nous avons bien reçu votre demande concernant les difficultés rencontrées lors de la configuration des séquences d'emails automatiques avec l'intelligence artificielle ChatGPT dans notre logiciel REI/kit. Nous comprenons l'importance de cette fonctionnalité pour l'efficacité de vos campagnes de marketing et nous sommes là pour vous assister.

Pour commencer, nous vous proposons une session de formation en ligne où nous pourrons vous guider pas à pas dans la configuration de vos séquences d'emails. De plus, nous pouvons vous fournir des modèles de séquences qui ont fait leurs preuves dans le secteur immobilier. Vous trouverez également dans notre centre d'aide des articles et des tutoriels détaillés sur l'utilisation de l'intelligence artificielle pour l'automatisation de vos campagnes.

Veuillez nous indiquer vos disponibilités pour organiser cette session de formation ou si vous préférez, nous pouvons commencer par vous envoyer les ressources mentionnées ci-dessus. Notre équipe de support est dédiée à vous fournir l'assistance nécessaire pour que vous puissiez tirer le meilleur parti de REI/kit.

Nous restons à votre disposition pour toute question supplémentaire et vous remercions de votre confiance en REI/kit.

Cordialement,
L'équipe de support REI/kit",High,Support,Neutral
marceldupont@investisseurs-elite.fr,support@reikit.com,Re: Votre intérêt pour REI/kit et l'intégration de ChatGPT,"Bonjour Marcel Dupont,

Nous vous remercions pour votre intérêt manifesté envers REI/kit et sommes ravis d'apprendre que notre solution a retenu votre attention. Comprendre que vous êtes un investisseur immobilier à la recherche d'outils efficaces pour optimiser votre activité, nous sommes convaincus que REI/kit peut vous apporter une aide précieuse.

Notre intelligence artificielle ChatGPT est conçue pour simplifier le suivi des vendeurs motivés et l'analyse de vos transactions immobilières. Elle vous permettra d'automatiser votre marketing omnicanal et de générer des leads qualifiés avec une efficacité accrue. De plus, notre CRM intégré et nos outils d'analyse de transactions vous offriront des données de comparaison précises et des estimations de coûts de réhabilitation à l'échelle nationale, essentiels pour vos prises de décisions.

Nous serions ravis d'organiser une démonstration pour vous montrer concrètement comment REI/kit peut s'intégrer dans votre flux de travail quotidien. Pourriez-vous nous indiquer vos disponibilités afin de planifier cette démonstration ?

En attendant, n'hésitez pas à nous poser d'autres questions ou à demander des informations supplémentaires. Nous sommes là pour vous aider à maximiser vos investissements immobiliers.

Cordialement,

L'équipe de support REI/kit",High,Sales,Positive
